Watersheds,9, LS2.C, ESS3.C, LS4.D, ETS1.B, ESS2.C, MS-LS2-4, MS-LS2-5, MS-ESS3-3, MS-ESS2-4,,,
Water pH,2, LS2.C, MS-LS2-4,,,,,,,,,,
Riparian Habitat Survey,7, LS2.C, ESS3.C, LS4.D, ETS1.B, MS-LS2-4, MS-LS2-5, MS-ESS3-3,,,,,
Dissolved Oxygen / Temperature,2, LS2.C, MS-LS2-4,,,,,,,,,,
Turbidity,2, LS2.C, MS-LS2-4,,,,,,,,,,
Aquatic Life (Critter Catch),4, LS1.B, LS2.A, MS-LS1-4, MS-LS2-1,,,,,,,,
Stream Morphology,7, LS2.C, LS4.D, ETS1.B, ESS2.A, ESS2.C, MS-ESS2-2, MS-LS2-5,,,,,
Water Cycle,6, ESS2.C, ESS2.D, PS1.A, MS-ESS2-4, MS-ESS2-6, MS-PS1-4,,,,,,
Stream Flow,2, ESS2.C, MS-ESS2-4,,,,,,,,,,
Microscope Study / Aquatic Food Pyramid,4, LS2.B, LS1.C, MS-LS1-6, MS-LS2-3,,,,,,,,
Water Bottle Intro,2, ESS3.C, MS-ESS3-4,,,,,,,,,,
Anadromous Fish,4, LS1.B, LS2.C, MS-LS1-4, MS-LS2-4,,,,,,,,
Waste Water Treatment,6, ESS3.C, LS2.C, LS4.D, ETS1.B, MS-LS2-5, MS-ESS3-3,,,,,,
Water Power,12, LS2.C, ESS3.C, LS4.D, ETS1.B, ESS2.C, PS3.A, PS3.C, MS-LS2-4, MS-ESS3-3, MS-LS2-5, MS-ESS2-4, MS-PS3-2
Water Conservation,2, ESS3.C, MS-ESS3-3,,,,,,,,,,
Compost (Worm Bin),6, LS2.B, LS2.C, LS4.D, ETS1.B, MS-LS2-3, MS-LS2-5,,,,,,
Erosion,10, LS2.C, LS4.D, ETS1.B, ESS2.A, ESS2.C, ESS3.A, MS-ESS2-2, MS-LS2-4, MS-LS2-5, MS-ESS3-1,,
Weathering,4, ESS2.A, ESS2.C, MS-ESS2-1, MS-ESS2-2,,,,,,,,
Soil pH,2, LS2.C, MS-LS2-4,,,,,,,,,,
Particle Size,3, ESS2.A, ESS2.C, MS-ESS2-2,,,,,,,,,
Absorption / Compaction / Permeability,6, LS2.C, ESS3.A, ESS3.C, MS-ESS3-3, MS-LS2-4, MS-ESS3-1,,,,,,
Soil Recipe,2, ESS3.A, MS-ESS3-1,,,,,,,,,,
Geology,2, ESS2.A, MS-ESS2-1,,,,,,,,,,
Soil Texture and Structure,3, ESS2.A, ESS2.C, MS-ESS2-2,,,,,,,,,
Topography,3, ESS2.A, ESS2.C, MS-ESS2-2,,,,,,,,,
Soil Profile,2, ESS3.A, MS-ESS3-1,,,,,,,,,,
Mud City,12, LS2.C, ESS3.C, LS4.D, ETS1.B, ESS2.A, ESS2.C, ESS3.A, MS-ESS3-3, MS-LS2-4, MS-LS2-5, MS-ESS2-2, MS-ESS3-1
Slope and Aspect,3, ESS2.A, ESS2.C, MS-ESS2-2,,,,,,,,,
Soil Life Survey (Critter Catch),2, LS2.A, MS-LS2-2,,,,,,,,,,
Apple Earth Intro,4, LS2.C, ESS3.A, MS-LS2-4, MS-ESS3-1,,,,,,,,
Plant Identification Hike,3, LS1.B, MS-LS1-4, MS-LS1-5,,,,,,,,,
Primitive Plants (Moss and Lichen),2, LS1.B, MS-LS1-4,,,,,,,,,,
Tree Parts,2, LS1.B, MS-LS1-5,,,,,,,,,,
Nurse Logs,4, LS2.B, LS2.A, MS-LS2-1, MS-LS2-3,,,,,,,,
Phototropism,2, LS1.B, MS-LS1-5,,,,,,,,,,
Cop,3, LS1.B, MS-LS1-4, MS-LS1-5,,,,,,,,,
Flower Parts (Spring),2, LS1.B, MS-LS1-4,,,,,,,,,,
Seed and Spore Dispersal,2, LS1.B, MS-LS1-4,,,,,,,,,,
Photosynthesis (Energy & Renewable Natural Resources),5, LS1.C, PS3.D, LS2.A, MS-LS1-6, MS-LS2-1,,,,,,,
Ethnobotany,2, LS4.D, MS-LS2-4,,,,,,,,,,
Logging Tools,2, ESS3.C, MS-ESS3-3,,,,,,,,,,
Succession and Disturbance,9, LS2.A, LS2.C, LS1.B, ESS2.A, ESS2.C, MS-LS1-5, MS-LS2-1, MS-LS2-4, MS-ESS2-2,,,
Forestry Practices,4, LS2.C, LS4.D, ETS1.B, MS-LS2-5,,,,,,,,
Fire Ecology,4, LS1.B, LS2.C, MS-LS1-4, MS-LS2-4,,,,,,,,
Dichotomous Key / Leaf Detectives,2, LS1.B, MS-LS1-4,,,,,,,,,,
Tree Age,2, LS1.B, MS-LS1-5,,,,,,,,,,
Tree Height / Board Foot Volume,2, ESS3.C, MS-ESS3-3,,,,,,,,,,
Forest Layers,2, LS1.B, MS-LS1-5,,,,,,,,,,
Coniferous Trees,3, LS1.B, MS-LS1-4, MS-LS1-5,,,,,,,,,
Nutrient Cycle / Decomposition,2, LS2.B, MS-LS2-3,,,,,,,,,,
Adaptation Activities,4, LS1.B, LS1.D, MS-LS1-4, MS-LS1-8,,,,,,,,
Pelts,4, LS1.B, LS1.D, MS-LS1-4, MS-LS1-8,,,,,,,,
Skulls,4, LS1.B, LS1.D, MS-LS1-4, MS-LS1-8,,,,,,,,
"Horns, Antlers, & Hooves",4, LS1.B, LS4.B, MS-LS1-4, MS-LS4-4,,,,,,,,
Habitat,4, LS2.A, LS2.C, MS-LS2-4, MS-LS2-1,,,,,,,,
Niche,2, LS2.A, MS-LS2-2,,,,,,,,,,
Birds,4, LS1.B, LS4.B, MS-LS1-4, MS-LS4-4,,,,,,,,
Arthropod study,2, LS2.B, MS-LS2-3,,,,,,,,,,
Bear Game,4, LS2.A, LS4.B, MS-LS2-1, MS-LS4-4,,,,,,,,
Predator / Prey Game,2, LS1.B, MS-LS1-4,,,,,,,,,,
Oh Deer!,2, LS2.A, MS-LS2-1,,,,,,,,,,
Food Web,4, LS2.B, LS2.C, MS-LS2-3, MS-LS2-4,,,,,,,,
Animal Signs & Survey,2, LS1.B, MS-LS1-4,,,,,,,,,,
Animal Tracks,2, LS1.B, MS-LS1-4,,,,,,,,,,
Bird Observations,4, LS1.B, LS1.D, MS-LS1-4, MS-LS1-8,,,,,,,,
Food Pyramid,2, LS1.C, MS-LS1-6,,,,,,,,,,
Live Animal Station,4, LS1.B, LS1.D, MS-LS1-4, MS-LS1-8,,,,,,,,
Supermarket Niche,2, LS2.A, MS-LS2-2,,,,,,,,,,
Deadly Links,4, LS2.C, ESS3.C, MS-LS2-4, MS-ESS3-3,,,,,,,,
Native Birds (Toxics),4, LS2.C, ESS3.C, MS-LS2-4, MS-ESS3-3,,,,,,,,
